region,option_1,option_2,option_3,year,value
R1,A1,A2,A3,1960,3.998249827
R2,A1,A2,A3,1960,36.43505503
R3,A1,A2,A3,1960,0.954159765
R4,A1,A2,A3,1960,12.73210303
R1,A1,A2,B3,1960,22.99495795
R2,A1,A2,B3,1960,13.82793647
R3,A1,A2,B3,1960,5.031705283
R4,A1,A2,B3,1960,39.32712823
R1,A1,A2,C3,1960,43.54023472
R2,A1,A2,C3,1960,23.90373396
R3,A1,A2,C3,1960,15.42256095
R4,A1,A2,C3,1960,11.11173939
R1,A1,B2,B3,1960,72.50442471
R2,A1,B2,B3,1960,24.72915029
R3,A1,B2,B3,1960,0.849337896
R4,A1,B2,B3,1960,27.32894535
R1,A1,B2,C3,1960,5.401276052
R2,A1,B2,C3,1960,69.34358231
R3,A1,B2,C3,1960,7.039509354
R4,A1,B2,C3,1960,60.03669442
R1,A1,C2,C3,1960,17.80361065
R2,A1,C2,C3,1960,26.4150641
R3,A1,C2,C3,1960,4.602329447
R4,A1,C2,C3,1960,7.622402378
R1,B1,B2,B3,1960,7.477612069
R2,B1,B2,B3,1960,5.506776213
R3,B1,B2,B3,1960,65.22741698
R4,B1,B2,B3,1960,24.67017116
R1,B1,B2,C3,1960,32.00999171
R2,B1,B2,C3,1960,29.50313977
R3,B1,B2,C3,1960,21.31029811
R4,B1,B2,C3,1960,3.305061987
R1,B1,C2,C3,1960,13.65220285
R2,B1,C2,C3,1960,1.100891369
R3,B1,C2,C3,1960,21.79042217
R4,B1,C2,C3,1960,3.740147612
R1,C1,C2,C3,1960,3.017446153
R2,C1,C2,C3,1960,3.619677058
R3,C1,C2,C3,1960,4.142320293
R4,C1,C2,C3,1960,67.82077594
R1,A1,A2,A3,1961,2.118581457
R2,A1,A2,A3,1961,1.490110733
R3,A1,A2,A3,1961,27.15345261
R4,A1,A2,A3,1961,24.50038267
R1,A1,A2,B3,1961,19.91534436
R2,A1,A2,B3,1961,30.41539723
R3,A1,A2,B3,1961,11.75149544
R4,A1,A2,B3,1961,2.905940975
R1,A1,A2,C3,1961,25.29112488
R2,A1,A2,C3,1961,76.36989747
R3,A1,A2,C3,1961,28.42287919
R4,A1,A2,C3,1961,19.85332473
R1,A1,B2,B3,1961,34.18515478
R2,A1,B2,B3,1961,7.389464966
R3,A1,B2,B3,1961,48.49036285
R4,A1,B2,B3,1961,14.27450983
R1,A1,B2,C3,1961,8.98679246
R2,A1,B2,C3,1961,80.70005108
R3,A1,B2,C3,1961,56.88062215
R4,A1,B2,C3,1961,29.53954625
R1,A1,C2,C3,1961,12.87388109
R2,A1,C2,C3,1961,69.92386921
R3,A1,C2,C3,1961,49.46091535
R4,A1,C2,C3,1961,38.1448306
R1,B1,B2,B3,1961,52.42670059
R2,B1,B2,B3,1961,65.86898432
R3,B1,B2,B3,1961,35.9515721
R4,B1,B2,B3,1961,2.139392745
R1,B1,B2,C3,1961,22.89158447
R2,B1,B2,C3,1961,43.07477298
R3,B1,B2,C3,1961,85.29119286
R4,B1,B2,C3,1961,18.04314926
R1,B1,C2,C3,1961,57.14582042
R2,B1,C2,C3,1961,30.30803915
R3,B1,C2,C3,1961,41.83528912
R4,B1,C2,C3,1961,15.9246063
R1,C1,C2,C3,1961,44.87993671
R2,C1,C2,C3,1961,13.16000044
R3,C1,C2,C3,1961,8.441943615
R4,C1,C2,C3,1961,65.86923622
R1,A1,A2,A3,1962,47.29571136
R2,A1,A2,A3,1962,17.17072015
R3,A1,A2,A3,1962,30.276854
R4,A1,A2,A3,1962,30.82925726
R1,A1,A2,B3,1962,22.8186422
R2,A1,A2,B3,1962,3.056856854
R3,A1,A2,B3,1962,3.968497414
R4,A1,A2,B3,1962,39.41181181
R1,A1,A2,C3,1962,47.94565545
R2,A1,A2,C3,1962,2.703268688
R3,A1,A2,C3,1962,46.00551494
R4,A1,A2,C3,1962,16.95947356
R1,A1,B2,B3,1962,16.10193191
R2,A1,B2,B3,1962,9.902154748
R3,A1,B2,B3,1962,21.05872967
R4,A1,B2,B3,1962,8.59659186
R1,A1,B2,C3,1962,26.40564137
R2,A1,B2,C3,1962,19.08007188
R3,A1,B2,C3,1962,1.492301535
R4,A1,B2,C3,1962,1.05999456
R1,A1,C2,C3,1962,61.95849132
R2,A1,C2,C3,1962,0.832558317
R3,A1,C2,C3,1962,24.14158861
R4,A1,C2,C3,1962,4.743181655
R1,B1,B2,B3,1962,34.22020945
R2,B1,B2,B3,1962,24.57022918
R3,B1,B2,B3,1962,33.84418308
R4,B1,B2,B3,1962,27.3971193
R1,B1,B2,C3,1962,0.971878754
R2,B1,B2,C3,1962,3.97631956
R3,B1,B2,C3,1962,62.20192789
R4,B1,B2,C3,1962,18.26660766
R1,B1,C2,C3,1962,1.851601983
R2,B1,C2,C3,1962,38.43537012
R3,B1,C2,C3,1962,11.7962606
R4,B1,C2,C3,1962,80.52400286
R1,C1,C2,C3,1962,24.38126139
R2,C1,C2,C3,1962,53.48770653
R3,C1,C2,C3,1962,70.58543581
R4,C1,C2,C3,1962,43.55914167
R1,A1,A2,A3,1963,46.62418482
R2,A1,A2,A3,1963,24.0443026
R3,A1,A2,A3,1963,1.631358672
R4,A1,A2,A3,1963,10.68413357
R1,A1,A2,B3,1963,40.02578939
R2,A1,A2,B3,1963,16.91943368
R3,A1,A2,B3,1963,15.38883804
R4,A1,A2,B3,1963,34.24183629
R1,A1,A2,C3,1963,9.889854782
R2,A1,A2,C3,1963,4.611366884
R3,A1,A2,C3,1963,3.710220133
R4,A1,A2,C3,1963,40.63113055
R1,A1,B2,B3,1963,21.19682987
R2,A1,B2,B3,1963,15.53369044
R3,A1,B2,B3,1963,0.0215026
R4,A1,B2,B3,1963,37.61558472
R1,A1,B2,C3,1963,18.14094309
R2,A1,B2,C3,1963,1.604938873
R3,A1,B2,C3,1963,36.04995538
R4,A1,B2,C3,1963,0.569541491
R1,A1,C2,C3,1963,0.679199647
R2,A1,C2,C3,1963,8.1904032
R3,A1,C2,C3,1963,1.638476404
R4,A1,C2,C3,1963,15.06815568
R1,B1,B2,B3,1963,43.62752891
R2,B1,B2,B3,1963,6.997325411
R3,B1,B2,B3,1963,7.417478676
R4,B1,B2,B3,1963,41.83070933
R1,B1,B2,C3,1963,22.09304773
R2,B1,B2,C3,1963,13.04410322
R3,B1,B2,C3,1963,18.48589339
R4,B1,B2,C3,1963,30.2117087
R1,B1,C2,C3,1963,2.800699355
R2,B1,C2,C3,1963,39.65506598
R3,B1,C2,C3,1963,13.85562593
R4,B1,C2,C3,1963,61.87843988
R1,C1,C2,C3,1963,0.656739862
R2,C1,C2,C3,1963,56.05821549
R3,C1,C2,C3,1963,0.651203263
R4,C1,C2,C3,1963,23.69318376
R1,A1,A2,A3,1964,0.801035476
R2,A1,A2,A3,1964,18.07967084
R3,A1,A2,A3,1964,53.97839584
R4,A1,A2,A3,1964,32.41070516
R1,A1,A2,B3,1964,3.288991166
R2,A1,A2,B3,1964,14.2899365
R3,A1,A2,B3,1964,5.140556469
R4,A1,A2,B3,1964,34.45063115
R1,A1,A2,C3,1964,22.76233086
R2,A1,A2,C3,1964,80.62216486
R3,A1,A2,C3,1964,5.783786384
R4,A1,A2,C3,1964,0.717271727
R1,A1,B2,B3,1964,22.27925318
R2,A1,B2,B3,1964,46.50602729
R3,A1,B2,B3,1964,11.65566568
R4,A1,B2,B3,1964,18.14096027
R1,A1,B2,C3,1964,42.72909844
R2,A1,B2,C3,1964,30.07840891
R3,A1,B2,C3,1964,1.536996012
R4,A1,B2,C3,1964,1.705961455
R1,A1,C2,C3,1964,0.96431959
R2,A1,C2,C3,1964,12.80764742
R3,A1,C2,C3,1964,12.62693392
R4,A1,C2,C3,1964,52.06193605
R1,B1,B2,B3,1964,0.858384602
R2,B1,B2,B3,1964,46.0724996
R3,B1,B2,B3,1964,0.41339091
R4,B1,B2,B3,1964,1.803170157
R1,B1,B2,C3,1964,88.24330823
R2,B1,B2,C3,1964,56.43654144
R3,B1,B2,C3,1964,28.75189585
R4,B1,B2,C3,1964,3.530727549
R1,B1,C2,C3,1964,7.812334423
R2,B1,C2,C3,1964,1.231106081
R3,B1,C2,C3,1964,45.00538467
R4,B1,C2,C3,1964,9.245650596
R1,C1,C2,C3,1964,13.40985315
R2,C1,C2,C3,1964,37.96406901
R3,C1,C2,C3,1964,7.898494461
R4,C1,C2,C3,1964,2.771362442
R1,A1,A2,A3,1965,0.14923978
R2,A1,A2,A3,1965,69.50266401
R3,A1,A2,A3,1965,6.073809
R4,A1,A2,A3,1965,9.826757984
R1,A1,A2,B3,1965,42.74280158
R2,A1,A2,B3,1965,10.12606522
R3,A1,A2,B3,1965,10.88453913
R4,A1,A2,B3,1965,13.17148118
R1,A1,A2,C3,1965,0.602782271
R2,A1,A2,C3,1965,45.03560292
R3,A1,A2,C3,1965,87.11328066
R4,A1,A2,C3,1965,1.168251726
R1,A1,B2,B3,1965,1.600032247
R2,A1,B2,B3,1965,5.071000432
R3,A1,B2,B3,1965,2.659442284
R4,A1,B2,B3,1965,46.69798998
R1,A1,B2,C3,1965,15.53765388
R2,A1,B2,C3,1965,47.07260418
R3,A1,B2,C3,1965,70.47768874
R4,A1,B2,C3,1965,61.19135601
R1,A1,C2,C3,1965,2.016432504
R2,A1,C2,C3,1965,72.99847473
R3,A1,C2,C3,1965,6.603810435
R4,A1,C2,C3,1965,20.29790562
R1,B1,B2,B3,1965,50.3585175
R2,B1,B2,B3,1965,53.69569281
R3,B1,B2,B3,1965,9.765107639
R4,B1,B2,B3,1965,31.77900522
R1,B1,B2,C3,1965,54.45655673
R2,B1,B2,C3,1965,36.16002976
R3,B1,B2,C3,1965,85.00553426
R4,B1,B2,C3,1965,17.6281142
R1,B1,C2,C3,1965,8.464194071
R2,B1,C2,C3,1965,3.625207472
R3,B1,C2,C3,1965,28.77040761
R4,B1,C2,C3,1965,69.09005414
R1,C1,C2,C3,1965,9.113461175
R2,C1,C2,C3,1965,72.13152288
R3,C1,C2,C3,1965,9.357606661
R4,C1,C2,C3,1965,13.29408136
R1,A1,A2,A3,1966,5.408196435
R2,A1,A2,A3,1966,13.14148163
R3,A1,A2,A3,1966,5.626080508
R4,A1,A2,A3,1966,7.01794197
R1,A1,A2,B3,1966,60.97615818
R2,A1,A2,B3,1966,22.87570325
R3,A1,A2,B3,1966,0.247785644
R4,A1,A2,B3,1966,63.8014503
R1,A1,A2,C3,1966,72.2287871
R2,A1,A2,C3,1966,4.415690196
R3,A1,A2,C3,1966,1.068123653
R4,A1,A2,C3,1966,53.01605658
R1,A1,B2,B3,1966,72.12472806
R2,A1,B2,B3,1966,45.70409227
R3,A1,B2,B3,1966,3.6262107
R4,A1,B2,B3,1966,2.953002223
R1,A1,B2,C3,1966,12.09737916
R2,A1,B2,C3,1966,2.136077154
R3,A1,B2,C3,1966,63.72932242
R4,A1,B2,C3,1966,10.75291226
R1,A1,C2,C3,1966,17.09685697
R2,A1,C2,C3,1966,59.71713001
R3,A1,C2,C3,1966,14.2544627
R4,A1,C2,C3,1966,31.02779403
R1,B1,B2,B3,1966,17.12603313
R2,B1,B2,B3,1966,6.996891944
R3,B1,B2,B3,1966,6.594219065
R4,B1,B2,B3,1966,53.05422421
R1,B1,B2,C3,1966,6.112827147
R2,B1,B2,C3,1966,32.42258483
R3,B1,B2,C3,1966,16.09137829
R4,B1,B2,C3,1966,25.8578161
R1,B1,C2,C3,1966,24.62941548
R2,B1,C2,C3,1966,4.952298112
R3,B1,C2,C3,1966,4.262175711
R4,B1,C2,C3,1966,5.32230812
R1,C1,C2,C3,1966,60.7303598
R2,C1,C2,C3,1966,18.91838541
R3,C1,C2,C3,1966,26.84279758
R4,C1,C2,C3,1966,72.47344166
R1,A1,A2,A3,1967,1.168378749
R2,A1,A2,A3,1967,11.37010176
R3,A1,A2,A3,1967,41.75364942
R4,A1,A2,A3,1967,59.02419445
R1,A1,A2,B3,1967,1.79580668
R2,A1,A2,B3,1967,49.67246809
R3,A1,A2,B3,1967,15.10754278
R4,A1,A2,B3,1967,61.37879944
R1,A1,A2,C3,1967,20.5961031
R2,A1,A2,C3,1967,71.41122307
R3,A1,A2,C3,1967,10.79700204
R4,A1,A2,C3,1967,5.330733999
R1,A1,B2,B3,1967,42.8653381
R2,A1,B2,B3,1967,15.36142772
R3,A1,B2,B3,1967,12.91562232
R4,A1,B2,B3,1967,13.69849543
R1,A1,B2,C3,1967,63.54445222
R2,A1,B2,C3,1967,0.01873641
R3,A1,B2,C3,1967,13.55969808
R4,A1,B2,C3,1967,19.51347554
R1,A1,C2,C3,1967,11.7477077
R2,A1,C2,C3,1967,72.23216914
R3,A1,C2,C3,1967,8.520603034
R4,A1,C2,C3,1967,21.20702027
R1,B1,B2,B3,1967,23.23484539
R2,B1,B2,B3,1967,87.79525999
R3,B1,B2,B3,1967,17.44282242
R4,B1,B2,B3,1967,56.93583454
R1,B1,B2,C3,1967,17.3117827
R2,B1,B2,C3,1967,4.861655678
R3,B1,B2,C3,1967,62.2115373
R4,B1,B2,C3,1967,11.60197303
R1,B1,C2,C3,1967,48.55667401
R2,B1,C2,C3,1967,36.28939708
R3,B1,C2,C3,1967,76.98883759
R4,B1,C2,C3,1967,26.20476363
R1,C1,C2,C3,1967,16.33917003
R2,C1,C2,C3,1967,2.224275613
R3,C1,C2,C3,1967,65.69483337
R4,C1,C2,C3,1967,1.176916229
R1,A1,A2,A3,1968,27.03088066
R2,A1,A2,A3,1968,33.62694143
R3,A1,A2,A3,1968,8.355130855
R4,A1,A2,A3,1968,9.704188965
R1,A1,A2,B3,1968,26.40811976
R2,A1,A2,B3,1968,18.89866924
R3,A1,A2,B3,1968,35.94257088
R4,A1,A2,B3,1968,37.245378
R1,A1,A2,C3,1968,26.22643855
R2,A1,A2,C3,1968,16.31481949
R3,A1,A2,C3,1968,11.5785148
R4,A1,A2,C3,1968,44.48347364
R1,A1,B2,B3,1968,35.49820526
R2,A1,B2,B3,1968,16.0528347
R3,A1,B2,B3,1968,24.72522145
R4,A1,B2,B3,1968,91.89828552
R1,A1,B2,C3,1968,4.663723057
R2,A1,B2,C3,1968,7.067767431
R3,A1,B2,C3,1968,34.4506853
R4,A1,B2,C3,1968,34.58349338
R1,A1,C2,C3,1968,23.3170072
R2,A1,C2,C3,1968,34.16720005
R3,A1,C2,C3,1968,6.633530714
R4,A1,C2,C3,1968,14.8719792
R1,B1,B2,B3,1968,0.129614582
R2,B1,B2,B3,1968,61.19052845
R3,B1,B2,B3,1968,53.76084206
R4,B1,B2,B3,1968,0.727644422
R1,B1,B2,C3,1968,6.467869747
R2,B1,B2,C3,1968,17.18335123
R3,B1,B2,C3,1968,80.06722138
R4,B1,B2,C3,1968,76.79443654
R1,B1,C2,C3,1968,13.0009965
R2,B1,C2,C3,1968,86.18860609
R3,B1,C2,C3,1968,59.94582465
R4,B1,C2,C3,1968,35.33070462
R1,C1,C2,C3,1968,66.4490692
R2,C1,C2,C3,1968,4.053834237
R3,C1,C2,C3,1968,77.00873533
R4,C1,C2,C3,1968,38.42070306
R1,A1,A2,A3,1969,7.313227037
R2,A1,A2,A3,1969,29.8903467
R3,A1,A2,A3,1969,9.033498381
R4,A1,A2,A3,1969,25.900705
R1,A1,A2,B3,1969,1.028820893
R2,A1,A2,B3,1969,4.829001769
R3,A1,A2,B3,1969,57.85266878
R4,A1,A2,B3,1969,10.206111
R1,A1,A2,C3,1969,9.087109516
R2,A1,A2,C3,1969,26.85573171
R3,A1,A2,C3,1969,12.49354363
R4,A1,A2,C3,1969,1.517913813
R1,A1,B2,B3,1969,37.47618813
R2,A1,B2,B3,1969,10.2911729
R3,A1,B2,B3,1969,58.4827068
R4,A1,B2,B3,1969,2.291906972
R1,A1,B2,C3,1969,71.52844921
R2,A1,B2,C3,1969,0.824251861
R3,A1,B2,C3,1969,19.50744731
R4,A1,B2,C3,1969,11.88100208
R1,A1,C2,C3,1969,24.74009692
R2,A1,C2,C3,1969,72.77071734
R3,A1,C2,C3,1969,34.66095111
R4,A1,C2,C3,1969,50.95473347
R1,B1,B2,B3,1969,50.44242853
R2,B1,B2,B3,1969,17.76851385
R3,B1,B2,B3,1969,7.991416451
R4,B1,B2,B3,1969,57.27121388
R1,B1,B2,C3,1969,35.60313854
R2,B1,B2,C3,1969,22.52064068
R3,B1,B2,C3,1969,32.64785566
R4,B1,B2,C3,1969,73.38717781
R1,B1,C2,C3,1969,56.84674354
R2,B1,C2,C3,1969,5.314430883
R3,B1,C2,C3,1969,9.311376021
R4,B1,C2,C3,1969,26.89799945
R1,C1,C2,C3,1969,12.3143532
R2,C1,C2,C3,1969,18.36493112
R3,C1,C2,C3,1969,14.57964632
R4,C1,C2,C3,1969,18.13060272
